<?xml version="1.0" encoding="UTF-8"?>
<project-private xmlns="http://www.netbeans.org/ns/project-private/1">
    <editor-bookmarks xmlns="http://www.netbeans.org/ns/editor-bookmarks/2" lastBookmarkId="0"/>
    <open-files xmlns="http://www.netbeans.org/ns/projectui-open-files/2">
        <group>
            <file>file:/C:/Users/niels/Documents/NetBeansProjects/GestionProductos/src/java/modelo/CongeladosNitrogeno.java</file>
            <file>file:/C:/Users/niels/Documents/NetBeansProjects/GestionProductos/src/java/modelo/CongeladosAgua.java</file>
            <file>file:/C:/Users/niels/Documents/NetBeansProjects/GestionProductos/src/java/modelo/Prueba.java</file>
            <file>file:/C:/Users/niels/Documents/NetBeansProjects/GestionProductos/src/java/modelo/Refrigerado.java</file>
            <file>file:/C:/Users/niels/Documents/NetBeansProjects/GestionProductos/src/java/modelo/GenerarJson.java</file>
            <file>file:/C:/Users/niels/Documents/NetBeansProjects/GestionProductos/src/java/modelo/Fresco.java</file>
            <file>file:/C:/Users/niels/Documents/NetBeansProjects/GestionProductos/src/java/modelo/Producto.java</file>
            <file>file:/C:/Users/niels/Documents/NetBeansProjects/GestionProductos/src/java/modelo/CongeladosAire.java</file>
        </group>
    </open-files>
</project-private>
